Workbook
Name BrowseRecords: RiskSerializationData8!$6:$6
Name DistributionRecords: RiskSerializationData8!$9:$9
Name SerializationHeader: RiskSerializationData8!$A$1:$B$3

Sheet senseInfo
E1: cellAddress | S1: ioIndex
E2: ='part(a)'!$B$13 -> #VALUE! | S2: 0
A3: senseTotal: | B3: 1 | C3: .
A4: selectionIndex | B4: checkSelected | C4: bookName | D4: sheetName | E4: cellAddress | F4: rangeAddress | G4: analysisString | H4: minPercent | I4: maxPercent | J4: minValue | K4: maxValue | L4: baseValue | M4: numIntervals | N4: varyWhenStepping | O4: isInput | P4: groupCount | Q4: groupIndex | R4: formulaIndex | S4: ioIndex | Y4: intIndex | Z4: intervalMode | AA4: useCellBase | AB4: tableRange
A5: 1 | B5: TRUE | C5: 0 | D5: Sheet1 | E5: ='part(a)'!$B$11 -> 80 | F5: 'Sheet1'!B11 | G5: Values: 30 to 80 | J5: 30 | K5: 80 | L5: 80 | M5: 10 | N5: TRUE | O5: FALSE | P5: 1 | Q5: 0 | R5: 1 | S5: 0 | U5: 80 | Z5: 3 | AA5: TRUE | BB5: 30 | BC5: 35.5555555555556 | BD5: 41.1111111111111 | BE5: 46.6666666666667 | BF5: 52.2222222222222 | BG5: 57.7777777777778 | BH5: 63.3333333333333 | BI5: 68.8888888888889 | BJ5: 74.4444444444444 | BK5: 80

Sheet _AdvSensInfo_
A1: RecommendedVersion | B1: RequiredVersion | C1: CellToMonitor | D1: TrackingStatistic | E1: TrackingStatisticPercentile | F1: IncludeSimtables | G1: IncludedReports | H1: ReportDestination | I1: NumGroups | J1: NumInputs
A2: 8.2.0 | B2: 8.2.0 | C2: ='part(a)'!$B$13 -> #VALUE! | D2: 2 | F2: FALSE | G2: 127 | H2: 1 | I2: 1 | J2: 1
A4: InputType | B4: BaseValueIsAuto | C4: BaseValue | D4: FixDistributionWhenNotStepping | E4: VariationMethod | F4: NumSteps | G4: VariationMinimum | H4: VariationMaximum | I4: VariationTableRange | J4: VariationValues | AD4: RangesCount | AE4: Ranges | AY4: AnalysisNamesCount | AZ4: AnalysisNames | BT4: AnalysisNamesRange | BU4: IsDate
A5: 0 | B5: TRUE | D5: FALSE | E5: 2 | F5: 10 | G5: 30 | H5: 80 | AD5: 1 | AE5: ='part(a)'!$B$11 -> 80 | AY5: 0 | BU5: FALSE
A7: GroupIndex | B7: Cell | C7: Enabled | D7: DistributionPosition | E7: AlternateName
A8: 0 | B8: ='part(a)'!$B$11 -> 80 | C8: TRUE

Sheet RiskSerializationData8
A1: Written By Version | B1: 8.2.2
A2: Serialization Major Version | B2: 4
A3: Serialization Minor Version | B3: 0
A5: Browse Record | B5: Display Mode | C5: Sens Graph Type | D5: Cond Sens Settings | E5: Scenario Settings | F5: Selected Scenario | J5: Distribution Options | K5: Distribution GS | L5: Distribution Curves | N5: Sens Tornado Options | O5: Sens Tornado GS | P5: Sens Tornado Curves | R5: Scen Tornado Options | S5: Scen Tornado GS | T5: Scen Tornado Curves | V5: Sens Spider Option | W5: Sens Spider GS | X5: Sens Spider Curves
A6: =ModelRef('part(a)'!$B$8,2,0,0) -> #NAME? | B6: 0 | C6: 3 | F6: 0 | J6: TRUE | K6: GF1_rK0qDwEAEwA0AQwjACcAPACEAJgAmQCnALUADgEwASoBKwD//wAAAAAAAAEEAAAAAAdHZW5lcmFsAAAAASBBdmVyYWdlIHdlZWtseSBkZW1hbmQgKGluIHVuaXRzKQEiQ29tcGFyaXNvbiB3aXRoIFJpc2tOb3JtYWwoMTIwLDE1KQEBEAACAAEKU3RhdGlzdGljcwMBAQD/AQEBAQEAAQEBAAQAAAABAQEBAQABAQEABAAAAAK8AALtAAAtACBBdmVyYWdlIHdlZWtseSBkZW1hbmQgKGluIHVuaXRzKQAAAP8AAP8BAAACAAIAHwASUmlza05vcm1hbCgxMjAsMTUpAAEA/wAAAAEAAAIAFgEgAQEBAwGamZmZmZmpPwAAZmZmZmZm7j8AAAUAAQEBAAEBAQA= | L6: =ModelRef('part(a)'!$B$8,2,0,0)+ModelRef('part(a)'!$B$8,3,0,-1) -> #NAME?
A8: Distribution Record | C8: Reserved | D8: Record Count | E8: Inputs
A9: ='part(a)'!$C$16 -> #VALUE! | D9: 1 | E9: 1_x0001_17_x0001_0_x0001_RiskNormal(B8,15) | F9: 0 | G9: GF1_rK0qDwEAEwC5AAwjACcAOQBJAF0AXgBsAHoAkwC1AK8AKwD//wAAAAAAAAEEAAAAAAQwLjAwAAAAAQoxIC8gRGVtYW5kAQABARAAAgABClN0YXRpc3RpY3MDAQEA/wEBAQEBAAEBAQAEAAAAAQEBAQEAAQEBAAQAAAABfgAAEwAGTm9ybWFsAAAA/wAA/wEAAAIAmwClAAEBAwGamZmZmZmpPwAAZmZmZmZm7j8AAAUAAQEBAAEBAQA= | H9: Reserved | I9: 0

Sheet rsklibSimData
